<?xml version="1.0" encoding="UTF-8" standalone="yes"?>
<addon id="plugin.video.wnbc"
       name="WNBC Programs"
       version="1.0.9"
       provider-name="t1m">
  <requires>
    <import addon="xbmc.python" version="2.1.0"/>
  </requires>
  <extension point="xbmc.python.pluginsource"
            library="default.py">
        <provides>video</provides>
  </extension>
  <extension point="xbmc.addon.metadata">
    <summary lang="en">WNBC Programs</summary>
    <description lang="en">WNBC Programs from the flagship NBC station in New York. Programs include: The Tonight Show, NBC News and NBC Classic TV.</description>
    <disclaimer lang="en">Feel free to use this script. For information visit the wiki.</disclaimer>
    <platform>all</platform>
    <language>en</language>
    <license>GNU GENERAL PUBLIC LICENSE. Version 2, June 1991</license>
    <forum></forum>
    <website>www.nbc.com</website>
    <email></email>
    <source>https://github.com/learningit/plugin.video.wnbc/</source>
  </extension>
</addon>
