<?xml version="1.0" encoding="UTF-8" standalone="yes"?>
<addon id="plugin.video.wabc"
       name="WABC Programs"
       version="1.0.2"
       provider-name="t1m">
  <requires>
    <import addon="xbmc.python" version="2.1.0"/>
  </requires>
  <extension point="xbmc.python.pluginsource"
            library="default.py">
        <provides>video</provides>
  </extension>
  <extension point="xbmc.addon.metadata">
    <summary lang="en">WABC Programs</summary>
    <description lang="en">WABC Programs in 1080 from the flagship ABC station in New York. </description>
    <disclaimer lang="en">Feel free to use this script. For information visit the wiki.</disclaimer>
    <platform>all</platform>
    <language>en</language>
    <license>GNU GENERAL PUBLIC LICENSE. Version 2, June 1991</license>
    <forum>http://forum.kodi.tv/showthread.php?tid=234448</forum>
    <website>www.abc.com</website>
    <email></email>
    <source>https://github.com/learningit/plugin.video.wabc/</source>
  </extension>
</addon>
