<?xml version="1.0" encoding="UTF-8" standalone="yes"?>
<addon id="plugin.video.tubitv"
       name="tubi tv"
       version="1.0.8"
       provider-name="t1m">
  <requires>
    <import addon="xbmc.python" version="2.1.0"/>
  </requires>
  <extension point="xbmc.python.pluginsource"
            library="default.py">
        <provides>video</provides>
  </extension>
  <extension point="xbmc.addon.metadata">
    <summary lang="en">tubi tv</summary>
    <description lang="en">Tubi TV has the largest library of FREE videos of hit and cult TV shows and films</description>
    <disclaimer lang="en">Feel free to use this script. For information visit the wiki.</disclaimer>
    <platform>all</platform>
    <language>en</language>
    <license>GNU GENERAL PUBLIC LICENSE. Version 2, June 1991</license>
    <forum>http://forum.kodi.tv/showthread.php?tid=223820</forum>
    <website>http://www.tubitv.com/</website>
    <email></email>
    <source>https://github.com/learningit/plugin.video.tubitv/</source>
  </extension>
</addon>
