<?xml version="1.0" encoding="UTF-8" standalone="yes"?>
<addon id="plugin.video.sprout"
       name="Sprout"
       version="1.0.11"
       provider-name="t1m">
  <requires>
    <import addon="xbmc.python" version="2.1.0"/>
  </requires>
  <extension point="xbmc.python.pluginsource"
            library="default.py">
        <provides>video</provides>
  </extension>
  <extension point="xbmc.addon.metadata">
    <summary lang="en">Sprout for Kids Video Addon</summary>
    <description lang="en">The 24-hour preschool channel parents and kids share together. Sprout is home to trusted favorites like Sesame Street and Barney and Friends, plus innovative Sprout Originals such as The Sunny Side Up Show and The Good Night Show.</description>
    <disclaimer lang="en">Feel free to use this script. For information visit the wiki.</disclaimer>
    <platform>all</platform>
    <language>en</language>
    <license>GNU GENERAL PUBLIC LICENSE. Version 2, June 1991</license>
    <forum>http://forum.xbmc.org/showthread.php?tid=196085</forum>
    <website>www.sproutonline.com</website>
    <email></email>
    <source>https://github.com/learningit/plugin.video.sprout/</source>
  </extension>
</addon>
