<?xml version="1.0" encoding="UTF-8" standalone="yes"?>
<addon id="plugin.video.travel"
       name="Travel Channel"
       version="1.0.3"
       provider-name="t1m">
  <requires>
    <import addon="xbmc.python" version="2.1.0"/>
  </requires>
  <extension point="xbmc.python.pluginsource"
            library="default.py">
        <provides>video</provides>
  </extension>
  <extension point="xbmc.addon.metadata">
    <summary lang="en">Travel Channel</summary>
    <description lang="en">Check out travel videos, shows, and guides on top travel destinations on Travel Channel</description>
    <disclaimer lang="en">Feel free to use this script. For information visit the wiki.</disclaimer>
    <platform>all</platform>
    <language>en</language>
    <license>GNU GENERAL PUBLIC LICENSE. Version 2, June 1991</license>
    <forum>http://forum.kodi.tv/showthread.php?tid=222429</forum>
    <website>http://www.travelchannel.com/</website>
    <email></email>
    <source>https://github.com/learningit/plugin.video.travel/</source>
  </extension>
</addon>
