<?xml version="1.0" encoding="UTF-8" standalone="yes"?>
<addon id="repository.t1m.addons" name="t1m Add-on Repository" version="1.0.3" provider-name="t1m">
	<extension point="xbmc.addon.repository" name="Offical t1m Add-on Repository">
		<info compressed="true">https://raw.github.com/learningit/repository.t1m.addons/master/addons.xml</info>
		<checksum>https://raw.github.com/learningit/repository.t1m.addons/master/addons.xml.md5</checksum>
		<datadir zip="true">https://raw.github.com/learningit/repository.t1m.addons/master/</datadir>
	</extension>
	<extension point="xbmc.addon.metadata">
		<summary>Install  add-ons from github.com/learningit</summary>
		<description>Releases of my t1m addons - some may be under development</description>
		<platform>all</platform>
	</extension>
</addon>