<?xml version="1.0" encoding="UTF-8" standalone="yes"?>
<addon id="plugin.video.sonyliv"
       name="Sony LIV"
       version="1.0.9"
       provider-name="t1m">
  <requires>
    <import addon="xbmc.python" version="2.1.0"/>
  </requires>
  <extension point="xbmc.python.pluginsource"
            library="default.py">
        <provides>video</provides>
  </extension>
  <extension point="xbmc.addon.metadata">
    <summary lang="en">SONY LIV</summary>
    <description lang="en">SONY LIV - Watch your favourite Hindi Serial on Sony LIV</description>
    <disclaimer lang="en">Feel free to use this script. For information visit the wiki.</disclaimer>
    <platform>all</platform>
    <language>en</language>
    <license>GNU GENERAL PUBLIC LICENSE. Version 2, June 1991</license>
    <forum>http://forum.kodi.tv/showthread.php?tid=226091</forum>
    <website>http://www.sonyliv.com/</website>
    <email></email>
    <source>https://github.com/learningit/plugin.video.sonyliv/</source>
  </extension>
</addon>
