<?xml version="1.0" encoding="UTF-8" standalone="yes"?>
<addon id="plugin.video.foodnetwork.canada"
       name="Food Network Canada"
       version="1.0.4"
       provider-name="t1m">
  <requires>
    <import addon="xbmc.python" version="2.1.0"/>
  </requires>
  <extension point="xbmc.python.pluginsource"
            library="default.py">
        <provides>video</provides>
  </extension>
  <extension point="xbmc.addon.metadata">
    <summary lang="en">Food Network Canada Video Addon</summary>
    <description lang="en">Play videos from the Food Network Canada Network</description>
    <disclaimer lang="en">Feel free to use this script. For information visit the wiki.</disclaimer>
    <platform>all</platform>
    <language>en</language>
    <license>GNU GENERAL PUBLIC LICENSE. Version 2, June 1991</license>
    <forum></forum>
    <website>www.hgtv.ca</website>
    <email></email>
    <source>https://github.com/learningit/plugin.video.foodnetwork.canada/</source>
  </extension>
</addon>
