<?xml version="1.0" encoding="UTF-8" standalone="yes"?>
<addon id="plugin.video.linktv"
       name="LinkTV.org"
       version="1.0.2"
       provider-name="t1m">
  <requires>
    <import addon="xbmc.python" version="2.1.0"/>
  </requires>
  <extension point="xbmc.python.pluginsource"
            library="default.py">
        <provides>video</provides>
  </extension>
  <extension point="xbmc.addon.metadata">
    <summary lang="en">LinkTV</summary>
    <description lang="en">Link TV broadcasts programs that engage, educate and activate viewers to become involved in the world.</description>
    <disclaimer lang="en">Feel free to use this script. For information visit the wiki.</disclaimer>
    <platform>all</platform>
    <language>en</language>
    <license>GNU GENERAL PUBLIC LICENSE. Version 2, June 1991</license>
    <forum></forum>
    <website>video.thinktv.org</website>
    <email></email>
    <source>https://github.com/learningit/plugin.video.linktv/</source>
  </extension>
</addon>
