<?xml version="1.0" encoding="UTF-8" standalone="yes"?>
<addon id="plugin.video.viewster"
       name="Viewster"
       version="2.0.3"
       provider-name="t1m">
  <requires>
    <import addon="xbmc.python" version="2.1.0"/>
  </requires>
  <extension point="xbmc.python.pluginsource"
            library="default.py">
        <provides>video</provides>
  </extension>
  <extension point="xbmc.addon.metadata">
    <summary lang="en">Viewster Video Addon</summary>
    <description lang="en">Viewster offers a catalog of TV shows and movies that you don't find everywhere. Most of the content is free to watch online just by the click of a button.</description>
    <disclaimer lang="en">Feel free to use this script. For information visit the wiki.</disclaimer>
    <platform>all</platform>
    <language>en</language>
    <license>GNU GENERAL PUBLIC LICENSE. Version 2, June 1991</license>
    <forum>http://forum.xbmc.org/showthread.php?tid=200604</forum>
    <website>http://www.viewster.com</website>
    <email></email>
    <source>https://github.com/learningit/plugin.video.viewster</source>
  </extension>
</addon>
