<?xml version="1.0" encoding="UTF-8" standalone="yes"?>
<addon id="plugin.video.oxygen"
       name="Oxygen"
       version="1.0.6"
       provider-name="t1m">
  <requires>
    <import addon="xbmc.python" version="2.1.0"/>
  </requires>
  <extension point="xbmc.python.pluginsource"
            library="default.py">
        <provides>video</provides>
  </extension>
  <extension point="xbmc.addon.metadata">
    <summary lang="en">Oxygen Video Addon</summary>
    <description lang="en">Oxygen Channel video addon.</description>
    <disclaimer lang="en">Feel free to use this script. For information visit the wiki.</disclaimer>
    <platform>all</platform>
    <language>en</language>
    <license>GNU GENERAL PUBLIC LICENSE. Version 2, June 1991</license>
    <forum>http://forum.kodi.tv/showthread.php?tid=224740</forum>
    <website>www.oxygen.com</website>
    <email></email>
    <source>https://github.com/learningit/plugin.video.oxygen/</source>
  </extension>
</addon>
