<?xml version="1.0" encoding="UTF-8" standalone="yes"?>
<addon id="plugin.video.amc"
       name="AMC"
       version="1.0.2"
       provider-name="t1m">
  <requires>
    <import addon="xbmc.python" version="2.1.0"/>
  </requires>
  <extension point="xbmc.python.pluginsource"
            library="default.py">
        <provides>video</provides>
  </extension>
  <extension point="xbmc.addon.metadata">
    <summary lang="en">AMC TV</summary>
    <description lang="en">Whether it's your favorite films or acclaimed original programming, AMC always brings you Something More.</description>
    <disclaimer lang="en">Feel free to use this script. For information visit the wiki.</disclaimer>
    <platform>all</platform>
    <language>en</language>
    <license>GNU GENERAL PUBLIC LICENSE. Version 2, June 1991</license>
    <forum></forum>
    <website>http://www.amctv.com/</website>
    <email></email>
    <source>https://github.com/learningit/plugin.video.amc/</source>
    <broken>Add-on no longer functions</broken>
  </extension>
</addon>
