<?xml version="1.0" encoding="UTF-8" standalone="yes"?>
<addon id="plugin.video.gq"
       name="GQ"
       version="1.0.7"
       provider-name="t1m">
  <requires>
    <import addon="xbmc.python" version="2.1.0"/>
  </requires>
  <extension point="xbmc.python.pluginsource"
            library="default.py">
        <provides>video</provides>
  </extension>
  <extension point="xbmc.addon.metadata">
    <summary lang="en">GQ Magazine HD Video Addon</summary>
    <description lang="en">GQ (formerly Gentlemen's Quarterly) is an American monthly men's magazine focusing on fashion, style, and culture for men, through articles on food, movies, fitness, sex, music, travel, sports, technology, and books.</description>
    <disclaimer lang="en">Feel free to use this script. For information visit the wiki.</disclaimer>
    <platform>all</platform>
    <language>en</language>
    <license>GNU GENERAL PUBLIC LICENSE. Version 2, June 1991</license>
    <forum>http://forum.xbmc.org/showthread.php?tid=193395</forum>
    <website>video.gq.com</website>
    <email></email>
    <source>https://github.com/learningit/plugin.video.gq/</source>
  </extension>
</addon>
