<?xml version="1.0" encoding="UTF-8" standalone="yes"?>
<addon id="plugin.video.abcfamily"
       name="ABC Family"
       version="1.0.2"
       provider-name="t1m">
  <requires>
    <import addon="xbmc.python" version="2.1.0"/>
  </requires>
  <extension point="xbmc.python.pluginsource"
            library="default.py">
        <provides>video</provides>
  </extension>
  <extension point="xbmc.addon.metadata">
    <summary lang="en">ABC Family</summary>
    <description lang="en">ABC Family Channel Programs in 1080</description>
    <disclaimer lang="en">Feel free to use this script. For information visit the wiki.</disclaimer>
    <platform>all</platform>
    <language>en</language>
    <license>GNU GENERAL PUBLIC LICENSE. Version 2, June 1991</license>
    <forum></forum>
    <website>www.abcfamily.com</website>
    <email></email>
    <source></source>
  </extension>
</addon>
